Name,Age
Mary Collins,88
Charlene Hayes,53
Anthony Cook,92
Mr. Dennis Gonzalez,98
Bruce Hale,53
Mary Young,87
Crystal Hodges,74
Charles Ward,80
Ashley Carter,69
Jesus Robinson,56
Ralph Myers,91
Jacob Jackson,79
Stacy Larson,90
Sara Gomez,81
Michelle Curtis,51
Christopher Baker,53
William Price,83
Jessica Rojas,51
Zachary Williams,82
Juan Johnson,87
Jacob Campbell,64
Jared Cooper,94
David Jones,50
William Lopez,61
Hunter Barnes,81
Jonathan Kirby,65
William Cole,52
Kyle Burns,88
Shannon Mccormick,95
Wayne Ramirez,61
Ann Carter,55
Ricardo Hartman,72
Anthony Mccarthy,59
Reginald Rose,78
James Solomon,90
Christopher Williams,87
Abigail Edwards,85
Andrew Lee,62
Kenneth Wood,59
Rachel Howe,80
Jake Mills,50
Andre Martin,69
Ashley Pena,60
Hector Santos MD,61
Anthony Peck,90
Julie Webb,81
Debra Moore,93
Kenneth Leonard,72
Steven Smith,87
Peter Rodriguez,54
Daniel Jones,50
Evelyn Lane,67
Todd Hutchinson,91
Carlos Mendoza,73
Jonathan Allen,50
Alicia Williams,77
Michelle Jimenez,70
Amy Goodman,90
Alexandra Armstrong,79
Travis Johnson,88
Jennifer Jones,57
Veronica Cox,54
Sheri Robles,61
Charlene Myers,90
Jessica Hernandez,69
Timothy Stanley,63
John Baker,62
Doris Mendoza,89
Angela Garcia,73
Kim Adams,87
Scott James,52
Charles White,100
Eric Choi,99
William Hubbard MD,93
Barbara Joyce,62
Jennifer Foster,82
Natasha Watson,58
Madison Wagner DDS,55
Rebecca Simon,95
Kevin Clark,61
Kara Foster,78
Lori Davis,66
Stephanie Fleming,72
Brandon Norris,86
Jeffrey Rosales,67
Harold Chen,51
Andrew Cruz,91
Jacqueline Walker,81
Dawn Boyer,71
Todd Benton DDS,57
Brian Hernandez,66
Seth Beck,82
Albert Williams,62
Michael Mills,69
Bryce Bradshaw,84
Denise Powell,65
Anthony Thompson,96
Michelle Jefferson,54
Lisa Sanders,90
Melissa Wilson,82
Nicole Heath,76
Anna Shaw,64
Bryan Quinn,83
Amber Beck,94
Donna Carter,57
Jaime Day DDS,65
Cynthia Pruitt,94
Mitchell Mejia,99
Crystal Phillips,93
Sarah Young,91
Timothy Cameron,79
Tonya Ramirez,78
Shaun Beard,90
Steven Andrews,65
Sean Walsh,62
Aaron Hale,65
Aaron Simmons,82
Jesus Owen,92
Scott Richardson,63
Brandon Wyatt,67
Kimberly Mcdaniel,69
Daisy Bennett,97
Joseph Manning,64
Dakota White,57
Natasha Williams,53
Maria Martinez,68
Jessica Robertson,100
John Campbell,67
William Smith,96
Justin Roth,66
Elizabeth Koch,76
John Herman,54
William Foster,93
Paula Gould,85
Matthew Mills,94
Harold Scott,94
Courtney Campbell,56
Kelsey Quinn,55
Michael Goodman,52
Jerry Thompson,82
Zachary Mckinney,97
Paige Robinson,53
Don Pittman,74
Claire Kerr,60
Dr. Laura Clayton,52
James Smith,76
Jonathan Nguyen,62
Elizabeth Hill,99
Amanda Garcia,74
Raymond Ward,85
Carolyn Jordan,78
Harry Lopez,52
Rhonda Rodriguez,71
Tyler Alvarado,95
Sophia Williams,94
David Gordon,82
Jessica Williams,62
Erin Jackson,82
Catherine Bailey,71
Alison Moody,61
Sarah Williams,100
Christina Green,53
Susan Matthews,62
Philip Jordan,62
Julie Hardy,92
Megan Arnold,67
Peter Davis,90
Rachel Lopez,67
Lori Parker,87
Kimberly Smith,73
Ashley Abbott,90
Kristine Gonzalez,85
Mariah Stewart,86
Mrs. Kelsey Grimes,83
Thomas Dyer,86
Paul Campbell,91
Natalie Sullivan,93
Amy Thomas,50
Luke Jones,75
Paul Spencer,59
Jennifer Hall,55
Janet Shaw,52
Kenneth Torres,72
Karen Olson,88
Ashley Brown,56
Mary Jones,86
Jacob Collins,60
Mark Roman,55
David Morse,93
Faith Freeman,72
Kelly Dixon,64
Christina Adams,59
George Cooper,90
Ellen Schmidt,95
Michael Taylor,86
Betty Smith MD,71
Michael Brown,90
Christopher Ward,79
Jacob Hicks,58
Alicia Morris,89
Jared Perkins,74
Jeffrey Sullivan,75
Anna Evans,68
Stephanie Ramos,94
Alexis Shah,52
Steven Boyle,79
Lawrence Jones,54
Hayley Thompson,88
William Nguyen,88
Suzanne Bowman,66
Kimberly Wilson,50
Dr. Brett Vargas,93
Jonathan Stanton,80
Brooke Arnold,81
Elizabeth Morton,72
Peter Abbott,79
Teresa Holmes,53
Mary Jackson,73
Daniel Braun,81
Scott Simmons,91
